id_istituto,codice_istituto,nome_istituto,tipo_istituto,latitudine,longitude,id_provveditorato,nome_provveditorato,indirizzo,telefono
MII179988,HH44,Reggio Calabria Arghillà,Casa circondariale,38.1929515,15.681926617,8,Calabria,Contrada Rugola n. snc - 89135 Reggio Calabria,+39 0965 670031
MII172610,BB43,Brescia Verziano,Casa di reclusione,45.4996058,10.18776766,1,Lombardia,Via Flero n.157 - 25124 Brescia,+39 030 3580386
MII172320,BB16,Busto Arsizio,Casa circondariale,45.6119057,8.8520522,1,Lombardia,Via per Cassano Magnago n.102 - 21052 Busto Arsizio,+39  0331 685777
MII173712,BB17,Como,Casa circondariale,45.9394759,9.14941015,1,Lombardia,Via Bassone n.11 - 22100 Como,+39  031 590848
MII173747,BB18,Cremona,Casa circondariale,45.1334796,10.0248716,1,Lombardia,Via Palosca n.2 - 26100 Cremona,+39  0372 450505
MII177436,BB19,Lecco,Casa circondariale,45.8553764,9.389605,1,Lombardia,Via Cesare Beccaria n.9 - 23900 Lecco,+39   0341 22821
MII178027,BB20,Lodi,Casa circondariale,45.3138959,9.503263,1,Lombardia,Via Cagnola n.2 - 26900 Lodi,+39  0371 420214
MII178072,BB21,Mantova,Casa circondariale,45.1566683,10.7917191,1,Lombardia,Via C. Poma n.3 - 46100 Mantova,+39  0376 328829
MII178659,BB22,Monza,Casa circondariale,45.5604241,9.28125258,1,Lombardia,Via Sanquirico n.6 - 20900 Monza,+39 039 839691
MII179237,BB39,Opera,Casa di reclusione,45.373069,9.211149,1,Lombardia,Via Camporgnago n.40 - 20090 Milano,+39  02 576841
MII182910,BB23,Pavia,Casa circondariale,45.2073703,9.17887325,1,Lombardia,Via Vigentina n.85 - 27100 Pavia,+39   0382 574701
MII181346,BB24,Sondrio,Casa circondariale,46.32336235,10.25841367,1,Lombardia,Via Antonio Caimi n.80 - 23100 Sondrio,+39  034 2212031
MII181703,BB25,Varese,Casa circondariale,45.8175359,8.8263438,1,Lombardia,Via Felicita Morandi n.5 - 21100 Varese,+39  0332 283708
MII181924,BB26,Vigevano,Casa di reclusione,45.3211074,8.8114587,1,Lombardia,Via Gravellona n.240 - 27029 Vigevano,+39  0381 325760
MII179733,BB37,Voghera,Casa circondariale,44.9978954,8.9925217,1,Lombardia,Via Prati Nuovi n.7 - 27058 Voghera,+39   0383 212222
MII173311,HH11,Catanzaro,Casa circondariale,38.9076353,16.5960465,8,Calabria,Via Tre Fontane n.28 - 88100 Catanzaro,+39 0961 469593
MII173324,HH39,Crotone,Casa circondariale,39.0806223,17.127196,8,Calabria,Localit&agrave; Passovecchio n.1 - 88900 Crotone,+39  0962 930013
MII177996,HH06,Locri,Casa circondariale,38.2385368,16.2655092,8,Calabria,Via Vittorio Veneto n.71 - 89044 Locri,+39 0964 20139
MII179342,HH19,Palmi,Casa circondariale,38.3673254,15.8589302,8,Calabria,Via Trodio n.1 - 89015 Palmi,+39 0966 46741
MII179353,HH20,Paola,Casa circondariale,39.359893,16.039588,8,Calabria,Via Paolino Maria Quattrone n.1 - 87027 Paola,+39 0982 848487
MII180415,HH41,Rossano,Casa di reclusione,39.5746821,16.6348647,8,Calabria,Contrada Ciminata n. snc - 87067 Rossano,+39  0983 510555
MII181908,HH07,Vibo Valentia,Casa circondariale,38.677407,16.0924801,8,Calabria,Contrada Cocari n. snc - 89900 Vibo Valentia,+39  0963 262122
MII159053,FF30,Ariano Irpino,Casa circondariale,41.1280699,15.08169876,6,Campania,Via Grignano n. 60 - 83031 Ariano Irpino,+39 0825 891261
MII172187,FF03,Aversa,Casa di reclusione,40.973212,14.204928,6,Campania,Via San Francesco da Paola n.2 - 81031 Aversa,+39 081 8155111
MII173101,FF29,Carinola,Casa di reclusione,41.186987,13.9812129,6,Campania,Via provinciale San Biagio n.6 - 81030 CARINOLA,+39 0823 939311
MII173784,FF64,Eboli,Casa di reclusione,40.6175146,15.0569438,6,Campania,Via Castello n.10 - 84025 Eboli,+39  0828 620811
MII172580,CC03,Bolzano,Casa circondariale,46.49177448,11.34681702,2,"Veneto, Trentino, Friuli Venezia Giulia",Via Dante n. 28/a -  39100 Bolzano,+39   0471 976712
MII176719,CC14,Gorizia,Casa circondariale,45.9441278,13.6252288,2,"Veneto, Trentino, Friuli Venezia Giulia",Via G. Barzellini n 8 - 34170 Gorizia,+39   0481 535028
MII180426,FF11,Salerno,Casa circondariale,40.6521175,14.85032945,6,Campania,Via del Tonnazzo n.1 - 84100 Salerno,+39  089 301722
MII181079,FF68,Sant'Angelo dei Lombardi,Casa di reclusione,40.9101396,15.1892849,6,Campania,C. da Selvatico n. SNC - 83054 Sant'Angelo dei Lombardi,+39 0827 24124
MII179290,CC18,Padova,Casa circondariale,45.4451533,11.84137093,2,"Veneto, Trentino, Friuli Venezia Giulia",Via Due Palazzi n.25/A - 35136 Padova,+39  049 713788
MII180487,FF04,Santa Maria Capua Vetere,Casa circondariale,41.04325675,14.23503914,6,Campania,Strada Statale Appia 7 bis Km. 6+500 n. snc - 81055 Santa Maria Capua Vetere,+39 0823 846384
MII179913,CC13,Pordenone,Casa circondariale,45.9561032,12.66265692,2,"Veneto, Trentino, Friuli Venezia Giulia",Piazza della Motta n.10 - 33170 Pordenone,+39     0434 520148
MII180424,CC31,Rovigo,Casa circondariale,45.0843329,11.81300853,2,"Veneto, Trentino, Friuli Venezia Giulia",Strada regionale 443 Dir. n.2 - 45100 Rovigo,+39 0425 3693111
MII159065,EE27,Ascoli Piceno,Casa circondariale,42.8546185,13.5755038,3,"Emilia Romagna, Marche",Via dei meli n.218 - 63100 Ascoli Piceno,+39 0736 402141
MII173237,BB07,Castelfranco Emilia,Casa di reclusione,44.5950245,11.0529006,3,"Emilia Romagna, Marche",Via Forte Urbano n.1 - 41013 Castelfranco Emilia,+39  059 926404
MII174501,EE16,Fermo,Casa di reclusione,43.0922489,13.63876807,3,"Emilia Romagna, Marche",Viale XX Giugno n.1/3 - 63900 Fermo,+39 073 4624023
MII181645,CC07,Treviso,Casa circondariale,45.67301695,12.23006239,2,"Veneto, Trentino, Friuli Venezia Giulia",Via Santa Bona Nuova n.5/B - 31100 Treviso,+39   0422 431167
MII176424,EE14,Fossombrone,Casa di reclusione,43.68773585,12.8229332,3,"Emilia Romagna, Marche",Viale Leopardi n.2 - 61034 Fossombrone,+39  0721 715569
MII181661,CC02,Trieste,Casa circondariale,45.6556788,13.78073313,2,"Veneto, Trentino, Friuli Venezia Giulia",Via Coroneo n. 26/28 - 34133 Trieste,+39    040 635044
MII181672,CC10,Udine,Casa circondariale,46.06711525,13.24805433,2,"Veneto, Trentino, Friuli Venezia Giulia",Via Spalato n. 30 - 33100 Udine,+39     0432 502211
MII179818,EE24,Pesaro,Casa circondariale,43.8735952,12.85524221,3,"Emilia Romagna, Marche",Strada Fontesecco n.88 - 61122 Pesaro,+39  0721 281986
MII181863,CC16,Venezia Santa Maria Maggiore,Casa circondariale,45.435422,12.31724323,2,"Veneto, Trentino, Friuli Venezia Giulia",Santa Croce n.324 - 30135  Venezia,+39   041 5204811
MII181847,CC19,Venezia Giudecca,Casa di reclusione femminile,45.42608215,12.31826224,2,"Veneto, Trentino, Friuli Venezia Giulia",S. Eufemia n.712 - 30133 Venezia,+39   041 5204033
MII181891,CC17,Verona,Casa circondariale,45.44345285,11.04808194,2,"Veneto, Trentino, Friuli Venezia Giulia",Via San Michele n.15 - 37141 Verona,+39    045 8921066
MII182440,EE10,Avezzano,Casa circondariale,42.0347963,13.4265048,5,"Lazio, Abruzzo, Molise",Via San Francesco n.8 - 67051 Avezzano,+39   0863 45021
MII173088,FF12,Campobasso,Casa circondariale,41.555686,14.66172195,5,"Lazio, Abruzzo, Molise",Via Cavour n. 52 - 86100 Campobasso,+39 0874 411053
MII157783,AA26,Alba,Casa di reclusione,44.691542,8.025636,0,"Val D'Aosta, Piemonte, Liguria",Loc.Toppino - Via Vivaro n. 14 - 12051 Alba,+39 0173 362228
MII173114,EE06,Cassino,Casa circondariale,41.4925576,13.8305297,5,"Lazio, Abruzzo, Molise",Via Sferracavalli n 3 - 03043 Cassino,+39  0776 21019
MII173364,EE17,Chieti,Casa circondariale,42.3446529,14.1659738,5,"Lazio, Abruzzo, Molise",Via Ettore Ianni n.30 - 66100 Chieti,+39  0871 344034
MII159069,AA10,Asti,Casa di reclusione,44.900542,8.2068876,0,"Val D'Aosta, Piemonte, Liguria",Frazione Quarto Inferiore n. 266 14100 Asti,+39 0141 293731
MII173688,EE03,Civitavecchia Giuseppe Passerini,Casa di reclusione,42.0989856,11.78675481,5,"Lazio, Abruzzo, Molise",Via Tarquinia n. 20 - 00053 Civitavecchia,+39   0766 50821
MII173356,AA21,Chiavari,Casa di reclusione,44.3164494,9.3233382,0,"Val D'Aosta, Piemonte, Liguria",Via al Gasometro n.2 - 16043 Chiavari,+39  0185 324691
MII176437,EE07,Frosinone,Casa circondariale,41.6419807,13.3469287,5,"Lazio, Abruzzo, Molise",Via Cerreto n.55 - 03100  Frosinone,+39   0775 8011
MII173764,AA20,Cuneo,Casa circondariale,44.64319015,7.43645384,0,"Val D'Aosta, Piemonte, Liguria",Via Roncata n.75 - 12100 Cuneo,+39   0171 449911
MII181636,CC30,Trento,Casa circondariale,46.1268099,11.09424056,2,"Veneto, Trentino, Friuli Venezia Giulia",Via Cesare Beccaria n.13 - 38121 Trento,+39   0461 969101
MII172814,AA11,Brissogne - Aosta,Casa circondariale,45.7285199,7.4066634,0,"Val D'Aosta, Piemonte, Liguria","Loc. Les Iles, 14 n.14  - 761900 Brissogne",+39 0165 761900
MII176759,FF19,Isernia,Casa circondariale,41.600216,14.238217,5,"Lazio, Abruzzo, Molise",Via Ponte San Leonardo n.5 - 86170  Isernia,+39 0865 3965
MII176414,AA05,Fossano,Casa di reclusione,44.5493489,7.7250155,0,"Val D'Aosta, Piemonte, Liguria",Via S.Giovanni Bosco n.48 - 12045 Fossano,+39  0172 635791
MII177134,EE11,L'Aquila,Casa circondariale,42.3489203,13.3979672,5,"Lazio, Abruzzo, Molise",Via Amiternina Localit&agrave; Costarelle di Preturo n.3 - 67100 L'Aquila,+39 0862 452020
MII176703,AA45,Genova Pontedecimo,Casa circondariale,44.49411925,8.90540935,0,"Val D'Aosta, Piemonte, Liguria",Via Coni Zugna n.32 - 16100 Genova,+39   010 784320
MII177107,EE18,Lanciano,Casa circondariale,42.2305316,14.3907794,5,"Lazio, Abruzzo, Molise",C/da Villa Stanazzo n.212/A - 66034 Lanciano,+39 0872 716509
MII177323,FF25,Larino,Casa circondariale,41.8055672,14.9210984,5,"Lazio, Abruzzo, Molise",Contrada Monte Arcano n.2 - 86035 Larino,+39 0874 822041
MII176749,AA06,Imperia,Casa circondariale,43.8862958,8.0267106,0,"Val D'Aosta, Piemonte, Liguria",Via Giacomo Agnesi n. 2 18100 Imperia,+39   0183 293551
MII176781,AA27,Ivrea,Casa circondariale,45.4673791,7.874797,0,"Val D'Aosta, Piemonte, Liguria",Corso Vercelli n.165 - 10015 Ivrea,+39  0125 614311
MII179331,EE22,Paliano,Casa di reclusione,41.8060233,13.0580683,5,"Lazio, Abruzzo, Molise",Viale Garibaldi n.6 - 03018 Paliano,+39   0775 578112
MII176788,AA07,La Spezia,Casa circondariale,44.107033,9.8282255,0,"Val D'Aosta, Piemonte, Liguria",Piazza Falcone e Borsellino n.1 - 19125 La Spezia,+39    0187 503064
MII169535,EE48,Rieti,Casa circondariale,42.4016906,12.8629993,5,"Lazio, Abruzzo, Molise",Via Maestri del lavoro n.2 - 02100 Rieti,+39 0746 221343
MII180401,EE02,Roma Regina Coeli,Casa circondariale,41.8952204,12.46386051,5,"Lazio, Abruzzo, Molise",Via della Lungara n.29 - 00165 Roma,+39  06 680291
MII180437,AA03,Saluzzo,Casa di reclusione,44.6446052,7.4926009,0,"Val D'Aosta, Piemonte, Liguria",Regione Bronda n.19/B - 12037 Saluzzo,+39    0175 248125
MII180380,EE29,Roma Rebibbia,Casa di reclusione,41.93451235,12.57406556,5,"Lazio, Abruzzo, Molise",Via Bartolo Longo n.72 - 00156 Roma,+39  06 415201
MII180356,EE39,Roma Rebibbia IIIª casa,Casa circondariale,41.93451235,12.57406556,5,"Lazio, Abruzzo, Molise",Via Bartolo Longo n.82 - 00156 Roma,+39  06 4122131
MII180348,EE28,Roma Rebibbia femminile,Casa circondariale,41.93451235,12.57406556,5,"Lazio, Abruzzo, Molise",Via Bartolo Longo n.92 - 00156 Roma,+39  06 415941
MII181870,AA14,Verbania,Casa circondariale,45.9221715,8.5516789,0,"Val D'Aosta, Piemonte, Liguria",Via Giuseppe Castelli n.8 - 28922 Verbania,+39    0323 503843
MII181880,AA13,Vercelli,Casa circondariale,45.3063558,8.42909461,0,"Val D'Aosta, Piemonte, Liguria",Strada Vicinale del Rollone n.19 - 13100 Vercelli,+39  0161 215124
MII179299,CC25,Padova Nuovo Complesso,Casa di reclusione,45.4436499,11.84528382,2,"Veneto, Trentino, Friuli Venezia Giulia",Via Due Palazzi n.35 - 35135 Padova,+39   049 8908411
MII181371,EE12,Sulmona,Casa di reclusione,42.0685398,13.9279741,5,"Lazio, Abruzzo, Molise",Via Lamaccio n. snc - 67039 Sulmona,+39 0864 210831
MII181820,EE19,Vasto,Casa di lavoro,42.29559582,14.44633484,5,"Lazio, Abruzzo, Molise",Via Torre Sinello n.23 - 66054 Vasto,+39  0873 310901
MII181839,EE20,Velletri,Casa circondariale,41.61240705,12.73058684,5,"Lazio, Abruzzo, Molise",Via Campoleone n.97 - 00049 Velletri,+39   06 961081
MII181424,AA42,Torino,Casa circondariale,45.1013372,7.6199624,0,"Val D'Aosta, Piemonte, Liguria",VIa M. Aglietta n.35 - 10151 Torino,+39 011 4557585
MII158919,AA48,"Alessandria Cantiello, Gaeta",Casa circondariale,44.9129225,8.615321,0,"Val D'Aosta, Piemonte, Liguria",Piazza Don Soria n. 13 - 15121 Alessandria,+39  0131 236271
MII179995,HH03,Reggio Calabria Giuseppe Panzera,Casa circondariale,38.1035389,15.6397556,8,Calabria,Via Carcere Nuovo n.15 89129 - Reggio Calabria,+39  0965 594891
MII158924,AA04,Alessandria San Michele,Casa di reclusione,44.9129225,8.615321,0,"Val D'Aosta, Piemonte, Liguria",Strada Statale per Casale n.50/A - 15121 Alessandria,+39 0131 361781
MII172277,FM04,Altamura,Casa di reclusione,40.8283631,16.5523505,7,"Puglia, Basilicata",Via dell'Uva Spina n.18 - 70022 Altamura,+39  080 3101243
MII158948,DD05,Arezzo,Casa circondariale,43.4628957,11.8781675,4,"Toscana, Umbria",Via Garibaldi n.259 - 52100 Arezzo,+39 0575 291711
MII181678,FF05,Bari,Casa circondariale,41.1257843,16.8620293,7,"Puglia, Basilicata",Corso Alcide De Gasperi n.307 - 70124 Bari,+39  080 5024155
MII174720,DD27,Firenze Sollicciano,Casa circondariale,43.76945125,11.17403045,4,"Toscana, Umbria",Via Girolamo Minervini n 2/R  - 50142 Firenze,+39  055 73721
MII172623,FF06,Brindisi,Casa circondariale,40.6395295,17.945526,7,"Puglia, Basilicata",Via Appia n.131 - 72100 Brindisi,+39  0831 512001
MII176743,DD20,Grosseto,Casa circondariale,42.7597261,11.1137389,4,"Toscana, Umbria",Via A Saffi n.23 - 58100 Grosseto,+39  0564 22037
MII176375,FF13,Foggia,Casa circondariale,41.50281055,15.45289961,7,"Puglia, Basilicata",Via delle Casermette n.22 - 71100 Foggia,+39  0881 778156
MII177498,DD07,Livorno Gorgona,Casa di reclusione,43.42959665,9.89870751,4,"Toscana, Umbria",Gorgona Via Torre Nuova n.1 -. 57030 Livorno,+39   0586 495501
MII177463,DD08,Livorno,Casa circondariale,43.5507411,10.3091456,4,"Toscana, Umbria",Via delle Macchie n.9 - 57124 Livorno,+39  0586 853044
MII178045,FF14,Lucera,Casa circondariale,41.51140835,15.33357537,7,"Puglia, Basilicata",Piazza Tribunali n.16 - 71036 Lucera,+39   0881 521493
MII178035,DD09,Lucca,Casa circondariale,43.84570065,10.49998221,4,"Toscana, Umbria",Via San Giorgio n.108 - 55100 Lucca,+39   0583 419696
MII178124,HH14,Matera,Casa circondariale,40.676213,16.60599858,7,"Puglia, Basilicata",Via Cererie n.24 - 75100 Matera,+39  0835 334751
MII178141,HH15,Melfi,Casa circondariale,40.9961962,15.6556359,7,"Puglia, Basilicata",Via Lecce n. snc - 85025 Melfi,+39  0972 21822
MII179938,HH02,Potenza,Casa circondariale,40.6413675,15.824158,7,"Puglia, Basilicata",Via Appia n.175 - 85100 Potenza,+39  0971 471017
MII179280,DD14,Orvieto,Casa di reclusione,42.72110485,12.11506423,4,"Toscana, Umbria",Via Roma n.1 - 05018 Orvieto,+39  0763 340435
MII180476,FF23,San Severo,Casa circondariale,41.6893215,15.3708272,7,"Puglia, Basilicata",Via Emilio Dotoli n.1 - 71016 San Severo,+39  0882 373131
MII181377,FF17,Taranto,Casa circondariale,40.45574895,17.29388354,7,"Puglia, Basilicata",Via Carmelo Magli n.1 - 74100 Taranto,+39   099 7798915
MII181434,FF15,Trani,Casa circondariale,41.275354,16.3959453,7,"Puglia, Basilicata",Via Andria n 300 - 76125 Trani,+39  0883 584848
MII182919,DD02,Pisa,Casa circondariale,43.71851375,10.41402939,4,"Toscana, Umbria",Via S. Giovanni Bosco n.43 - 56127 Pisa,+39  050 574102
MII181681,FF16,Turi,Casa di reclusione,40.91732385,17.01893088,7,"Puglia, Basilicata",Piazza Aldo Moro n.4 - 70010 Turi,+39  080 8915811
MII179896,DD16,Pistoia,Casa circondariale,43.93904125,10.91550517,4,"Toscana, Umbria",Via dei Macelli n.13 - 51100 Pistoia,+39  0573 975111
MII158935,LL02,Alghero,Casa di reclusione,40.5600205,8.3151473,10,Sardegna,Via Vittorio Emanuele n.28 - 07041 Alghero,+39 079 93699
MII179958,DD43,Prato,Casa circondariale,43.9034549,11.0644075,4,"Toscana, Umbria",Via La Montagnola n.76 - 50900 Prato,+39   0574 653201
MII158945,LL04,Arbus,Casa di reclusione,39.4987508,8.47964289,10,Sardegna,Localit&agrave; Bau  -  09031 Arbus,+39 070 9759066
MII180458,DD12,San Gimignano,Casa di reclusione,43.4263361,11.02355054,4,"Toscana, Umbria",Loc. Ciuciano Ranza n.20 - 53037 San Gimignano,+39  0577 942120
MII181115,DD17,Siena,Casa circondariale,43.31814595,11.33794054,4,"Toscana, Umbria",Piazza Santo Spirito n.3 - 53100 Siena,+39  0577 41226
MII181358,DD23,Spoleto,Casa di reclusione,42.78113085,12.72710874,4,"Toscana, Umbria",Localit&agrave; Maiano n.10 - 06049 Spoleto,+39   0743  26311
MII172835,LL01,Cagliari Uta,Casa circondariale,39.1694193,8.93944903,10,Sardegna,Zona industriale Macchiareddu 2&deg; strada ovest Uta n.0 - 09010 Cagliari,+39  070 24931
MII158910,KK19,Agrigento,Casa circondariale,37.31942185,13.61739575,9,Sicilia,Piazza Di Lorenzo n. 1 -  92100 Agrigento,+39 0922 621111
MII177118,LL06,Lanusei,Casa circondariale,39.8785705,9.5410772,10,Sardegna,Viale Europa n.10 - 08045 Lanusei,+39 0782 42920
MII179224,LL08,Nuoro,Casa circondariale,40.31421085,9.30414976,10,Sardegna,Via Badu e Carros n.1 - 08100 Nuoro,+39 0784 200126
MII172222,HH08,Barcellona Pozzo di Gotto,Casa circondariale,38.15123,15.2278876,9,Sicilia,Via V. Madia n.31 - 98051 Barcellona Pozzo di Gotto,+39 090 970931
MII178003,LL07,Onanì,Casa di reclusione,40.5725948,9.4205999,10,Sardegna,Via Centrale n.3 - 08020 Onan&igrave; (Nuoro),+39   0784 14524
MII179274,LL09,Oristano,Casa di reclusione,39.94078795,8.61201176,10,Sardegna,Loc. Su Pedriaxiu Massama n. snc - 09170 Oristano,+39  0783 71031
MII181091,LL10,Sassari,Casa circondariale,40.72020106,8.55148315,10,Sardegna,Localit&agrave; Bancali - Strada Provinciale 56 n.4 - 07100 Sassari,+39  079 3090
MII181385,LL11,Tempio Pausania,Casa di reclusione,40.8973821,9.1035159,10,Sardegna,Localit&agrave; Nuchis n. snc - 07029 Tempio Pausania,+39  079 6727611
MII178148,HH01,Messina,Casa circondariale,38.048433,15.00434682,9,Sicilia,Via Consolare Valeria n.2 - 98124 Messina,+39  090 2281111
MII179965,KK07,Ragusa,Casa circondariale,36.9145799,14.72372512,9,Sicilia,Via G. di Vittorio n.26 - 97100 Ragusa,+ 39 0932 658601
MII181109,KK13,Sciacca,Casa circondariale,37.5064786,13.0823323,9,Sicilia,Via Pietro Gerardi n.12 - 92019 Sciacca,+39 0925 21380
MII178666,FF01,Napoli Poggioreale,Casa circondariale,40.8599808,14.27937499,6,Campania,Via Nuova Poggioreale n.167 - 80143 Napoli,+39 081 266666
MII178672,FF58,Napoli Secondigliano,Casa circondariale,40.9104776,14.24587204,6,Campania,Via Roma verso Scampia n.350 - 80144 Napoli,+39 081 702 14 14
MII180370,EE01,Roma Rebibbia Nuovo Complesso,Casa circondariale,41.93451235,12.57406556,5,"Lazio, Abruzzo, Molise",Via Raffaele Majetti n.70 - 00156 Roma,+39  06 439801
MII172592,BB02,Brescia Canton Monbello,Casa circondariale,45.5325399,10.2340676,1,Lombardia,Via Spalto San Marco n 20 - 25121 Brescia,+39  030 3773523
MII158895,BB01,Milano San Vittore,Casa circondariale,45.4615979,9.16639949,1,Lombardia,Piazza Filangieri n.2 - 20123 Milano,+39 02 438521
MII178501,BB32,Milano San Vittore femminile,Casa circondariale,45.4615979,9.16639949,1,Lombardia,Piazza Filangieri n.2 - 20123 Milano,+39 02 438521
MII174825,DD49,Firenze Mario Gozzini,Casa circondariale,43.7698712,11.2555757,4,"Toscana, Umbria",Via Girolamo Minervini n.5 - 50142 Firenze,+39  055 755451
MII179781,DD55,Perugia,Casa circondariale,43.05317525,12.26260324,4,"Toscana, Umbria",Strada Pievaiola n.252 - 06132 Perugia,+39   075 7740001
MII179932,DD03,Porto Azzurro,Casa di reclusione,42.7655212,10.40289057,4,"Toscana, Umbria",Forte San Giacomo n.1 57036 - Porto Azzurro,+39    0565 95045
MII181407,DD18,Terni,Casa circondariale,42.5545755,12.5982445,4,"Toscana, Umbria",Strada delle Campore n.32 - 05100 Terni,+39   0744 800100
MII180465,AA16,Sanremo,Casa di reclusione,43.8198253,7.7748827,0,"Val D'Aosta, Piemonte, Liguria",Strada Armea n.144/a - 18038 Sanremo,+39    0184 515040
MII158944,EE47,Ancona Barcaglione,Casa di reclusione,43.613360,13.440180,3,"Emilia Romagna, Marche",Via Colle Ameno n.25 - 60126 Ancona,+39  071 2181980
MII158941,EE04,Ancona Montacuto,Casa circondariale,43.619340,13.527880,3,"Emilia Romagna, Marche",Via Montecavallo di Montacuto n.73/a - 60129 Ancona,+39 071 897892
MII172011,FF32,Avellino,Casa circondariale,40.9141958,14.7888764,6,Campania,Frazione Bellizzi Irpino - Contrada Sant'Oronzo n.1 -  83100 Avellino,+39 0825 73014
MII181392,EE13,Teramo,Casa circondariale,42.6612893,13.6983524,5,"Lazio, Abruzzo, Molise",C.da Ceppata n.1 - 64100 Teramo,+39   0861 414777
MII177332,EE23,Latina,Casa circondariale,41.46083555,12.89935226,5,"Lazio, Abruzzo, Molise",Via Aspromonte n.100 - 04100 Latina,+39  0773 41781
MII181918,CC09,Vicenza,Casa circondariale,45.5518993,11.5780075,2,"Veneto, Trentino, Friuli Venezia Giulia",Via Basilio Dalla Scola n. 150 - 36100 Vicenza,+39  0444 513790
MII178085,AA08,Massa,Casa di reclusione,44.0231028,10.1371655,4,"Toscana, Umbria",Via Pietro Pellegrini n.17 - 54100 Massa,+39   0585 790921
MII178115,DD22,Massa Marittima,Casa circondariale,43.0438048,10.9023227,4,"Toscana, Umbria",Viale Martiri della Niccioleta n.148 - 58024 Massa Marittima,+39   0566 904187
MII177420,FF34,Lecce,Casa circondariale,40.3767969,18.156339,7,"Puglia, Basilicata",Via Paolo Perrone n.4 - 73100 Lecce,+39   0832/1669111
MII179830,EE05,Pescara,Casa circondariale,42.4506322,14.215016,5,"Lazio, Abruzzo, Molise",Via San Donato n.2-  65129 Pescara,+39  085 4310309 - 4326906 - 4312250 - 4310529 - 4313802 - 4310155
MII179945,FF56,Pozzuoli,Casa circondariale femminile,40.82861375,14.1210843,6,Campania,Via Pergolesi n.140 - 80078 Pozzuoli,+39  081 5266640
MII177346,HH43,Laureana di Borrello,Casa di reclusione,38.492577,16.082098,8,Calabria,Viale Paolo Quattrone n.7 - 89023 Laureana di Borrello,+39 0966 901377
MII181440,FF36,Trani femminile,Casa di reclusione,41.275354,16.3959453,7,"Puglia, Basilicata",Piazza Plebiscito n.18 - 76125 Trani,+39 0883 481019
MII159314,KK05,Augusta,Casa di reclusione,37.2369363,15.2196575,9,Sicilia,Contrada Piano Ippolito n.1 - 96011 Augusta,+39 0931 981349
MII173006,KK14,Caltagirone,Casa circondariale,37.2372009,14.5132023,9,Sicilia,Contrada Noce San Nicola le Canne s.n.c. n. 00 -  95041 Caltagirone,+39 0933 368111
MII173259,KK29,Castelvetrano,Casa circondariale,37.6828513,12.7955336,9,Sicilia,Contrada Strasatto n. snc - 91022 Castelvetrano,+39 0924 906510
MII173285,KK24,Catania Bicocca,Casa circondariale,37.50570535,14.94420233,9,Sicilia,Tangenziale Ovest km 8 n. s.n.c. - 95030 Catania,+39 095 592728
MII173301,KK02,Catania Piazza Lanza,Casa circondariale,37.50570535,14.94420233,9,Sicilia,Piazza Vincenzo Lanza n.11 - 95100 Catania,+39 095 437933
MII173813,KK10,Enna,Casa circondariale,37.5667573,14.2807473,9,Sicilia,Via Palermo n.20 - 94100 Enna,+39  0935 5665111
MII173994,KK12,Favignana,Casa di reclusione,37.9314505,12.3273647,9,Sicilia,Via Aurelio Padovani n.1 - 91023 Favignana,+39  0923 920200
MII176451,KK33,Gela,Casa circondariale,37.0664363,14.2502445,9,Sicilia,C.da Balate SS 117 bis n. snc - 93012 Gela,+39  0933 908167
MII176714,KK26,Giarre,Casa circondariale,37.726857,15.187688,9,Sicilia,Via Foscolo n.67 - 95017 Giarre,+39 095 7794356
MII178681,KK06,Noto,Casa di reclusione,36.89341275,15.07208372,9,Sicilia,Via Garibaldi n.8 - 96017 Noto,+39 0931 571233
MII179324,KK01,Palermo Ucciardone,Casa di reclusione,38.13289445,13.35769614,9,Sicilia,Via Enrico Albanese n.3 - 90139 Palermo,+39  091 300431
MII179306,KK23,Palermo Pagliarelli,Casa circondariale,38.09077025,13.33932043,9,Sicilia,Piazza Pietro Cerulli n.1 - 90129 Palermo,+39 091 6685456
MII179856,KK18,Piazza Armerina,Casa circondariale,37.385946,14.367174,9,Sicilia,Via Fabrizio De Andr&eacute; n.1 - 94015 Piazza Armerina,+39 0935 681385
MII180451,KK22,San Cataldo,Casa di reclusione,37.488445,13.993065,9,Sicilia,Piazza Marconi n.1 - 93017 San Cataldo,+39  0934 571113
MII181401,KK04,Termini Imerese,Casa circondariale,37.983651,13.695554,9,Sicilia,Via Zara n.28 - 90018 Termini Imerese,+39 091 8144760
MII181625,KK03,Trapani,Casa circondariale,38.0160543,12.5437475,9,Sicilia,Via Madonna di Fatima n.222 - 91016 Trapani,+39  0923 470111
MII172332,AA12,Biella,Casa circondariale,45.5664109,8.0542758,0,"Val D'Aosta, Piemonte, Liguria",Viale dei Tigli n.14 - 13900 Biella,+39  015 8492832
MII179876,DD13,Volterra,Casa di reclusione,43.400337,10.860019,4,"Toscana, Umbria",Rampa di Castello n.4 -  56048 Volterra,+39   0588 89111
MII172208,EE32,Civitavecchia Nuovo Complesso,Casa circondariale,42.0937524,11.7922462,5,"Lazio, Abruzzo, Molise","Via Aurelia nord km 79,500 n. snc - 00053 Civitavecchia",+39  0766 596601
MII177384,FF65,Lauro,Istituto custodia attenuata per madri,40.8799681,14.629467,6,Campania,Strada Provinciale Bosagro n. snc - 83023 Lauro,+39 081 8240430/8240444
MII181417,CC26,Tolmezzo,Casa circondariale,46.418570686533315,13.018053166820799,2,"Veneto, Trentino, Friuli Venezia Giulia",Via Paluzza n.77 - 33028 Tolmezzo,+39   0433 44900
MII173063,KK09,Caltanissetta,Casa circondariale,37.494382965222556,14.05615604195194,9,Sicilia,Via Messina n. 94 - 93100 Caltanissetta,+39 0934 584500
MII158901,CC05,Belluno,Casa circondariale,46.1397378,12.2192968,2,"Veneto, Trentino, Friuli Venezia Giulia",Via Baldenich n.11 - 32100 Belluno,+39  0437 930810
MII173341,HH04,Cosenza,Casa circondariale,39.3099931,16.2501929,8,Calabria,Viale Giacomo Mancini n.320 - 87100 Cosenza,+39 0984 826001
MII173265,HH12,Castrovillari,Casa circondariale,39.83602485,16.2210616,8,Calabria,Via Sergio Cosmai n 1 - 87012 Castrovillari,+39   0981 483127
MII178700,AA19,Novara,Casa circondariale,45.4353796,8.63788811,0,"Val D'Aosta, Piemonte, Liguria",Via Sforzesca n.49 - 28100 Novara,+39    0321 483535
MII172344,BB50,Bollate,Casa di reclusione,45.543835,9.1177075,1,Lombardia,Via Cristina Belgioioso n.120 20157 - Milano,+39 02 382067000
MII181691,FF24,Vallo della Lucania,Casa circondariale  Alfredo Paragano,40.229704,15.26576,6,Campania,A.R. Passaro n.39 - 84078  Vallo della Lucania,+39   0974 4268
MII160204,FF08,Benevento,Casa circondariale  Michele Gaglione,41.1295587,14.7824639,6,Campania,Via Ermete Novelli n.11 -  82100 Benevento,+39  0824 53451
MII181934,EE09,Viterbo,Casa circondariale  N.C.   Nicandro Izzo,42.4525651,12.09423595,5,"Lazio, Abruzzo, Molise",Strada SS. Salvatore n. 14/b - 01100 Viterbo,+39  0761 24401
MII172827,BB06,Bergamo,Casa circondariale,45.7566557,9.7542192,1,Lombardia,via Monte Gleno n.61 - 24125 Bergamo,+39  035 294423
MII176771,LL05,Isili,Casa di reclusione,39.7404048,9.1085903,10,Sardegna,Localit&agrave; Sarcidano n.SN - 08033 Isili,+39  0782 802045
MII159060,FF18,Arienzo,Casa di reclusione  Gennaro De Angelis,41.0242566,14.4970522,6,Campania,Via Nazionale Appia Km 230+600 n.7 - 81021 Arienzo,+39 0823 805516
MII152284,AA02,Genova Marassi,Casa circondariale,44.4179134,8.9511004,0,"Val D'Aosta, Piemonte, Liguria",Piazzale Marassi n.2 - 16139 Genova,+39  010 84051
MII176403,BB09,Forlì,Casa circondariale,44.2226017,12.0409384,3,"Emilia Romagna, Marche",Via della Rocca n.4/6 - 47121 Forl&igrave;,+39 0543 33208
MII182339,BB29,Reggio Emilia,Istituti di pena,44.6639363,10.63973152,3,"Emilia Romagna, Marche",Via Settembrini n.8 - 42123 Reggio Emilia,+39  0522 331666
MII180001,BB15,Rimini,Casa circondariale,44.0593886,12.5684371,3,"Emilia Romagna, Marche",Via Santa Cristina n.19 - 47900 Rimini,+39  0541 751306
MII174686,BB08,Ferrara,Casa circondariale,44.8423466,11.5822881,3,"Emilia Romagna, Marche",Via Arginone n.327 - 44122 Ferrara,+39 053 2250011
MII179842,BB04,Piacenza,Casa circondariale,45.0534751,9.6947461,3,"Emilia Romagna, Marche",Via delle Novate n.65 - 29122 Piacenza,+39  0523 592384
MII172508,BB03,Bologna,Casa circondariale,44.4936714,11.3430347,3,"Emilia Romagna, Marche",Via del Gomito n. 2 - 40127 Bologna,+39 051 320512
MII179981,BB13,Ravenna,Casa circondariale,44.41458045,12.19213791,3,"Emilia Romagna, Marche",Via Port'Aurea n.57 - 48121 Ravenna,+39  0544 36836 - 36885 - 36978
MII179364,BB30,Parma,Casa di reclusione,44.8167494,10.36522212,3,"Emilia Romagna, Marche",Strada Burla n.57 - 43122 Parma,+39 0521 7089
MII178638,BB10,Modena,Casa circondariale,44.67086,10.9190707,3,"Emilia Romagna, Marche",Strada Sant'Anna n.370 - 41122 Modena,+39  059 450800
MII181125,KK08,Siracusa,Casa circondariale,37.03487355,15.16261221,9,Sicilia,Via Monasteri n.20 - 96100  Siracusa,+39 0931 717206
